Attribute,DP_Diff,EO_Diff
Race,0.21072437086567197,0.12103509932152745
Gender,0.03961922490086822,0.024195814109601366
Age,0.26275808897856956,0.19392614014565046
County,0.05784297496078117,0.04812645672374172
