Attribute,DP_Diff,EO_Diff
Race,0.1503862210613266,0.0927345788174321
Gender,0.023484251231706055,0.00723675493267717
Age,0.17237717613947323,0.07294299858948478
County,0.025684566110598772,0.05256583778491308
