audit_county,accuracy,selection_rate,TPR (Recall),FPR
48029,0.9095188284518828,0.7685146443514644,0.978871158392435,0.25859598853868193
48113,0.9107752315943443,0.7520721599219893,0.9731987469544031,0.23515052888527258
48201,0.9135987042920326,0.7526319068086962,0.9774979908920439,0.2338277709105892
48453,0.9329291398256916,0.777756726032588,0.9827541827541828,0.20603015075376885
