audit_race,accuracy,selection_rate,TPR (Recall),FPR
White,0.8503911342894394,0.7065095921028124,0.8800203355363497,0.2308362369337979
Black,0.8108465608465608,0.5661375661375662,0.8064516129032258,0.18213058419243985
Asian,0.8860759493670886,0.7768619370032381,0.9274867122247532,0.25688073394495414
Other,0.8735177865612648,0.7114624505928854,0.8964285714285715,0.19095477386934673
