audit_race,accuracy,selection_rate,TPR (Recall),FPR
Other,0.9376564277588169,0.8266211604095564,0.9889374090247453,0.24583333333333332
White,0.9163717638293909,0.7899981374557645,0.982015760040671,0.263588850174216
