{
    "accuracy": 0.7532932600076736,
    "precision": 0.8631710968159566,
    "recall": 0.7730632654540184,
    "f1_score": 0.8156360508458377,
    "roc_auc": 0.8117180163699556,
    "average_precision": 0.9010884016695572
}