accuracy,precision,recall,f1_score,roc_auc,average_precision
0.8681672848190306,0.8751671569938486,0.948546996159142,0.9103808033385499,0.9038473365630887,0.9434746518451788
