{
    "accuracy": 0.8165494308735133,
    "precision": 0.90066692820714,
    "recall": 0.8318718747735343,
    "f1_score": 0.8649035563592525,
    "roc_auc": 0.8919343424758283,
    "average_precision": 0.9430701419116532
}