{
    "accuracy": 0.8150914439186597,
    "precision": 0.9012014969470159,
    "recall": 0.8289368794840206,
    "f1_score": 0.8635600098144688,
    "roc_auc": 0.8907297412168945,
    "average_precision": 0.9426168188568858
}