,precision,recall,f1-score,support
Denied (0),0.7915521978021978,0.6014612507610682,0.6835367963228389,11497.0
Approved (1),0.849072762607464,0.9340169577505616,0.889521541832738,27598.0
accuracy,0.8362194654047832,0.8362194654047832,0.8362194654047832,0.8362194654047832
macro avg,0.8203124802048309,0.7677391042558148,0.7865291690777885,39095.0
weighted avg,0.8321571996565459,0.8362194654047832,0.8289458513575543,39095.0
