,precision,recall,f1-score,support
Denied (0),0.7168608312342569,0.7921196833956684,0.7526135283665965,11497.0
Approved (1),0.9094388238414611,0.869664468439742,0.8891070403230288,27598.0
accuracy,0.8468602123033636,0.8468602123033636,0.8468602123033636,0.8468602123033636
macro avg,0.813149827537859,0.8308920759177052,0.8208602843448126,39095.0
weighted avg,0.8528057715072744,0.8468602123033636,0.8489672294274384,39095.0
