{
  "accuracy": 0.8468602123033636,
  "precision": 0.9094388238414611,
  "recall": 0.869664468439742,
  "f1_score": 0.8891070403230288,
  "roc_auc": 0.9111292958813122,
  "average_precision": 0.9529980330658959,
  "n_test": 39095,
  "positive_rate_test": 0.705921473334186,
  "best_iteration": 599
}